Run_id,Algorithm_ID,model_id,Leaderboard_rank,balance_classes,categorical_encoding,class_sampling_factors,distribution,huber_alpha,max_after_balance_size,max_runtime_secs,missing_values_handling,quantile_alpha,seed,standardize,stopping_metric,stopping_rounds,stopping_tolerance,tweedie_power,activation,adaptive_rate,average_activation,classification_stop,col_major,elastic_averaging,elastic_averaging_moving_rate,elastic_averaging_regularization,epochs,epsilon,fast_mode,force_load_balance,hidden,hidden_dropout_ratios,initial_biases,initial_weight_distribution,initial_weight_scale,initial_weights,input_dropout_ratio,l1,l2,loss,max_categorical_features,max_w2,momentum_ramp,momentum_stable,momentum_start,nesterov_accelerated_gradient,overwrite_with_best_model,rate,rate_annealing,rate_decay,regression_stop,replicate_training_data,reproducible,rho,score_duty_cycle,score_interval,score_training_samples,score_validation_samples,score_validation_sampling,shuffle_training_data,sparse,sparsity_beta,target_ratio_comm_to_comp,train_samples_per_iteration,use_all_factor_levels,variable_importances
1,4,DeepLearning_1_AutoML_20190419_175717,27,FALSE,AUTO,,AUTO,,5,,MeanImputation,0.5,27,TRUE,,,,1.5,Rectifier,1,0,0,0,0,0.9,0.001,10.38201884,1.00E-08,1,1,"[10, 10, 10]",,,UniformAdaptive,1,,0,0,0,Automatic,2147483647,3.40E+38,1000000,0,0,1,0,0.005,1.00E-06,1,1.00E-06,1,0,0.99,0.1,5,10000,0,Uniform,0,0,0,0.05,-2,1,1
1,4,DeepLearning_grid_1_AutoML_20190419_175717_model_2,32,FALSE,AUTO,,AUTO,,5,,MeanImputation,0.5,27,TRUE,,,,1.5,RectifierWithDropout,1,0,0,0,0,0.9,0.001,7.995816243,1.00E-08,1,1,[500],[0.2],,UniformAdaptive,1,,0,0,0,Automatic,2147483647,3.40E+38,1000000,0,0,1,0,0.005,1.00E-06,1,1.00E-06,1,0,0.99,0.1,5,10000,0,Uniform,0,0,0,0.05,-2,1,1
1,4,DeepLearning_grid_1_AutoML_20190419_175717_model_4,35,FALSE,AUTO,,AUTO,,5,,MeanImputation,0.5,27,TRUE,,,,1.5,RectifierWithDropout,1,0,0,0,0,0.9,0.001,254.3970468,1.00E-07,1,1,"[50, 50, 50]","[0.0, 0.0, 0.0]",,UniformAdaptive,1,,0.05,0,0,Automatic,2147483647,3.40E+38,1000000,0,0,1,0,0.005,1.00E-06,1,1.00E-06,1,0,0.95,0.1,5,10000,0,Uniform,0,0,0,0.05,-2,1,1
1,4,DeepLearning_grid_1_AutoML_20190419_175717_model_3,36,FALSE,AUTO,,AUTO,,5,,MeanImputation,0.5,27,TRUE,,,,1.5,RectifierWithDropout,1,0,0,0,0,0.9,0.001,323.2042658,1.00E-07,1,1,"[50, 50]","[0.0, 0.0]",,UniformAdaptive,1,,0.05,0,0,Automatic,2147483647,3.40E+38,1000000,0,0,1,0,0.005,1.00E-06,1,1.00E-06,1,0,0.95,0.1,5,10000,0,Uniform,0,0,0,0.05,-2,1,1
1,4,DeepLearning_grid_1_AutoML_20190419_175717_model_1,37,FALSE,AUTO,,AUTO,,5,,MeanImputation,0.5,27,TRUE,,,,1.5,RectifierWithDropout,1,0,0,0,0,0.9,0.001,401.6449549,1.00E-07,1,1,[50],[0.0],,UniformAdaptive,1,,0.05,0,0,Automatic,2147483647,3.40E+38,1000000,0,0,1,0,0.005,1.00E-06,1,1.00E-06,1,0,0.95,0.1,5,10000,0,Uniform,0,0,0,0.05,-2,1,1
2,4,DeepLearning_1_AutoML_20190419_181340,67,FALSE,AUTO,,AUTO,,5,,MeanImputation,0.5,27,TRUE,,,,1.5,Rectifier,1,0,0,0,0,0.9,0.001,10.38201884,1.00E-08,1,1,"[10, 10, 10]",,,UniformAdaptive,1,,0,0,0,Automatic,2147483647,3.40E+38,1000000,0,0,1,0,0.005,1.00E-06,1,1.00E-06,1,0,0.99,0.1,5,10000,0,Uniform,0,0,0,0.05,-2,1,1
2,4,DeepLearning_1_AutoML_20190419_175717,68,FALSE,AUTO,,AUTO,,5,,MeanImputation,0.5,27,TRUE,,,,1.5,Rectifier,1,0,0,0,0,0.9,0.001,10.38201884,1.00E-08,1,1,"[10, 10, 10]",,,UniformAdaptive,1,,0,0,0,Automatic,2147483647,3.40E+38,1000000,0,0,1,0,0.005,1.00E-06,1,1.00E-06,1,0,0.99,0.1,5,10000,0,Uniform,0,0,0,0.05,-2,1,1
2,4,DeepLearning_grid_1_AutoML_20190419_175717_model_2,80,FALSE,AUTO,,AUTO,,5,,MeanImputation,0.5,27,TRUE,,,,1.5,RectifierWithDropout,1,0,0,0,0,0.9,0.001,7.995816243,1.00E-08,1,1,[500],[0.2],,UniformAdaptive,1,,0,0,0,Automatic,2147483647,3.40E+38,1000000,0,0,1,0,0.005,1.00E-06,1,1.00E-06,1,0,0.99,0.1,5,10000,0,Uniform,0,0,0,0.05,-2,1,1
2,4,DeepLearning_grid_1_AutoML_20190419_175717_model_4,89,FALSE,AUTO,,AUTO,,5,,MeanImputation,0.5,27,TRUE,,,,1.5,RectifierWithDropout,1,0,0,0,0,0.9,0.001,254.3970468,1.00E-07,1,1,"[50, 50, 50]","[0.0, 0.0, 0.0]",,UniformAdaptive,1,,0.05,0,0,Automatic,2147483647,3.40E+38,1000000,0,0,1,0,0.005,1.00E-06,1,1.00E-06,1,0,0.95,0.1,5,10000,0,Uniform,0,0,0,0.05,-2,1,1
2,4,DeepLearning_grid_1_AutoML_20190419_181340_model_3,90,FALSE,AUTO,,AUTO,,5,,MeanImputation,0.5,27,TRUE,,,,1.5,RectifierWithDropout,1,0,0,0,0,0.9,0.001,748.9465956,1.00E-07,1,1,"[50, 50, 50]","[0.0, 0.0, 0.0]",,UniformAdaptive,1,,0.05,0,0,Automatic,2147483647,3.40E+38,1000000,0,0,1,0,0.005,1.00E-06,1,1.00E-06,1,0,0.95,0.1,5,10000,0,Uniform,0,0,0,0.05,-2,1,1
2,4,DeepLearning_grid_1_AutoML_20190419_181340_model_2,91,FALSE,AUTO,,AUTO,,5,,MeanImputation,0.5,27,TRUE,,,,1.5,RectifierWithDropout,1,0,0,0,0,0.9,0.001,1024.125103,1.00E-07,1,1,"[50, 50]","[0.0, 0.0]",,UniformAdaptive,1,,0.05,0,0,Automatic,2147483647,3.40E+38,1000000,0,0,1,0,0.005,1.00E-06,1,1.00E-06,1,0,0.95,0.1,5,10000,0,Uniform,0,0,0,0.05,-2,1,1
2,4,DeepLearning_grid_1_AutoML_20190419_175717_model_3,92,FALSE,AUTO,,AUTO,,5,,MeanImputation,0.5,27,TRUE,,,,1.5,RectifierWithDropout,1,0,0,0,0,0.9,0.001,323.2042658,1.00E-07,1,1,"[50, 50]","[0.0, 0.0]",,UniformAdaptive,1,,0.05,0,0,Automatic,2147483647,3.40E+38,1000000,0,0,1,0,0.005,1.00E-06,1,1.00E-06,1,0,0.95,0.1,5,10000,0,Uniform,0,0,0,0.05,-2,1,1
2,4,DeepLearning_grid_1_AutoML_20190419_175717_model_1,93,FALSE,AUTO,,AUTO,,5,,MeanImputation,0.5,27,TRUE,,,,1.5,RectifierWithDropout,1,0,0,0,0,0.9,0.001,401.6449549,1.00E-07,1,1,[50],[0.0],,UniformAdaptive,1,,0.05,0,0,Automatic,2147483647,3.40E+38,1000000,0,0,1,0,0.005,1.00E-06,1,1.00E-06,1,0,0.95,0.1,5,10000,0,Uniform,0,0,0,0.05,-2,1,1
2,4,DeepLearning_grid_1_AutoML_20190419_181340_model_1,96,FALSE,AUTO,,AUTO,,5,,MeanImputation,0.5,27,TRUE,,,,1.5,RectifierWithDropout,1,0,0,0,0,0.9,0.001,1249.781788,1.00E-07,1,1,[50],[0.0],,UniformAdaptive,1,,0.05,0,0,Automatic,2147483647,3.40E+38,1000000,0,0,1,0,0.005,1.00E-06,1,1.00E-06,1,0,0.95,0.1,5,10000,0,Uniform,0,0,0,0.05,-2,1,1
,,,,,,,,,,,,,,,,,,,,,,,,,,,,,,,,,,,,,,,,,,,,,,,,,,,,,,,,,,,,,,,,,,
,,,,,,,,,,,,,,,,,,,,,,,,,,,,,,,,,,,,,,,,,,,,,,,,,,,,,,,,,,,,,,,,,,
,,,,,,,,,,,,,,,,,,,,,,,,,,,,,,,,,,,,,,,,,,,,,,,,,,,,,,,,,,,,,,,,,,
,,,,,,,,,,,,,,,,,,,,,,,,,,,,,,,,,,,,,,,,,,,,,,,,,,,,,,,,,,,,,,,,,,
,,,,,,,,,,,,,,,,,,,,,,,,,,,,,,,,,,,,,,,,,,,,,,,,,,,,,,,,,,,,,,,,,,
,,,,,,,,,,,,,,,,,,,,,,,,,,,,,,,,,,,,,,,,,,,,,,,,,,,,,,,,,,,,,,,,,,
,,,,,,,,,,,,,,,,,,,,,,,,,,,,,,,,,,,,,,,,,,,,,,,,,,,,,,,,,,,,,,,,,,
,,,,,,,,,,,,,,,,,,,,,,,,,,,,,,,,,,,,,,,,,,,,,,,,,,,,,,,,,,,,,,,,,,
,,,,,,,,,,,,,,,,,,,,,,,,,,,,,,,,,,,,,,,,,,,,,,,,,,,,,,,,,,,,,,,,,,
,,,,,,,,,,,,,,,,,,,,,,,,,,,,,,,,,,,,,,,,,,,,,,,,,,,,,,,,,,,,,,,,,,
,,,,,,,,,,,,,,,,,,,,,,,,,,,,,,,,,,,,,,,,,,,,,,,,,,,,,,,,,,,,,,,,,,
,,,,,,,,,,,,,,,,,,,,,,,,,,,,,,,,,,,,,,,,,,,,,,,,,,,,,,,,,,,,,,,,,,
,,,,,,,,,,,,,,,,,,,,,,,,,,,,,,,,,,,,,,,,,,,,,,,,,,,,,,,,,,,,,,,,,,