﻿Run_id,model_id,validation_frame,nfolds,keep_cross_validation_models,keep_cross_validation_predictions,keep_cross_validation_fold_assignment,fold_column,ignored_columns,ignore_const_cols,offset_column,class_sampling_factors,max_after_balance_size,max_confusion_matrix_size,pretrained_autoencoder,overwrite_with_best_model,use_all_factor_levels,standardize,hidden,epochs,train_samples_per_iteration,target_ratio_comm_to_comp,seed,adaptive_rate,rho,epsilon,rate,rate_annealing,rate_decay,momentum_start,momentum_ramp,momentum_stable,nesterov_accelerated_gradient,hidden_dropout_ratios,l1,max_w2,initial_weight_distribution,initial_biases,loss,distribution,quantile_alpha,tweedie_power,huber_alpha,score_interval,score_training_samples,score_validation_samples,score_duty_cycle,classification_stop,regression_stop,stopping_rounds,stopping_metric,stopping_tolerance,max_runtime_secs,score_validation_sampling,diagnostics,fast_mode,force_load_balance,variable_importances,replicate_training_data,single_node_mode,shuffle_training_data,missing_values_handling,quiet_mode,autoencoder,sparse,col_major,average_activation,sparsity_beta,max_categorical_features,reproducible,export_weights_and_biases,mini_batch_size,categorical_encoding,elastic_averaging,elastic_averaging_moving_rate
1, DeepLearning_grid_1_AutoML_20190419_175717_model_11,5,FALSE,TRUE,FALSE,Modulo, deathRate,TRUE,FALSE,FALSE,5,20,0,FALSE,TRUE,TRUE,RectifierWithDropout,401.644955,-2,0.05,27,TRUE,0.95,1.00E-07,0.005,1.00E-06,1,0,1000000,0,TRUE,0.05,0,0,UniformAdaptive,1,Automatic,AUTO,0.5,1.5,0.9,5,10000,0,0.1,0,1.00E-06,0,deviance,0.01811606,0,Uniform,TRUE,TRUE,TRUE,TRUE,TRUE,FALSE,FALSE,MeanImputation,FALSE,FALSE,FALSE,FALSE,0,0,2147483647,FALSE,FALSE,1,AUTO,FALSE,0.9,0.001
1, DeepLearning_grid_1_AutoML_20190419_175717_model_22,5,FALSE,TRUE,FALSE,Modulo, deathRate,TRUE,FALSE,FALSE,5,20,0,FALSE,TRUE,TRUE,RectifierWithDropout,7.99581624,-2,0.05,27,TRUE,0.99,1.00E-08,0.005,1.00E-06,1,0,1000000,0,TRUE,0,0,0,UniformAdaptive,1,Automatic,AUTO,0.5,1.5,0.9,5,10000,0,0.1,0,1.00E-06,0,deviance,0.01811606,0,Uniform,TRUE,TRUE,TRUE,TRUE,TRUE,FALSE,FALSE,MeanImputation,FALSE,FALSE,FALSE,FALSE,0,0,2147483647,FALSE,FALSE,1,AUTO,FALSE,0.9,0.001
1, DeepLearning_grid_1_AutoML_20190419_175717_model_33,5,FALSE,TRUE,FALSE,Modulo, deathRate,TRUE,FALSE,FALSE,5,20,0,FALSE,TRUE,TRUE,RectifierWithDropout,323.204266,-2,0.05,27,TRUE,0.95,1.00E-07,0.005,1.00E-06,1,0,1000000,0,TRUE,0.05,0,0,UniformAdaptive,1,Automatic,AUTO,0.5,1.5,0.9,5,10000,0,0.1,0,1.00E-06,0,deviance,0.01811606,0,Uniform,TRUE,TRUE,TRUE,TRUE,TRUE,FALSE,FALSE,MeanImputation,FALSE,FALSE,FALSE,FALSE,0,0,2147483647,FALSE,FALSE,1,AUTO,FALSE,0.9,0.001
2, DeepLearning_grid_1_AutoML_20190419_181340_model_1,5,FALSE,TRUE,FALSE,Modulo, deathRate,TRUE,FALSE,FALSE,5,20,0,FALSE,TRUE,TRUE,RectifierWithDropout,1249.78179,-2,0.05,27,TRUE,0.95,1.00E-07,0.005,1.00E-06,1,0,1000000,0,TRUE,0.05,0,0,UniformAdaptive,1,Automatic,AUTO,0.5,1.5,0.9,5,10000,0,0.1,0,1.00E-06,0,deviance,0.01811606,0,Uniform,TRUE,TRUE,TRUE,TRUE,TRUE,FALSE,FALSE,MeanImputation,FALSE,FALSE,FALSE,FALSE,0,0,2147483647,FALSE,FALSE,1,AUTO,FALSE,0.9,0.001
2, DeepLearning_grid_1_AutoML_20190419_181340_model_2,5,FALSE,TRUE,FALSE,Modulo, deathRate,TRUE,FALSE,FALSE,5,20,0,FALSE,TRUE,TRUE,RectifierWithDropout,1024.1251,-2,0.05,27,TRUE,0.95,1.00E-07,0.005,1.00E-06,1,0,1000000,0,TRUE,0.05,0,0,UniformAdaptive,1,Automatic,AUTO,0.5,1.5,0.9,5,10000,0,0.1,0,1.00E-06,0,deviance,0.01811606,0,Uniform,TRUE,TRUE,TRUE,TRUE,TRUE,FALSE,FALSE,MeanImputation,FALSE,FALSE,FALSE,FALSE,0,0,2147483647,FALSE,FALSE,1,AUTO,FALSE,0.9,0.001
2, DeepLearning_grid_1_AutoML_20190419_175717_model_11,5,FALSE,TRUE,FALSE,Modulo, deathRate,TRUE,FALSE,FALSE,5,20,0,FALSE,TRUE,TRUE,RectifierWithDropout,401.644955,-2,0.05,27,TRUE,0.95,1.00E-07,0.005,1.00E-06,1,0,1000000,0,TRUE,0.05,0,0,UniformAdaptive,1,Automatic,AUTO,0.5,1.5,0.9,5,10000,0,0.1,0,1.00E-06,0,deviance,0.01811606,0,Uniform,TRUE,TRUE,TRUE,TRUE,TRUE,FALSE,FALSE,MeanImputation,FALSE,FALSE,FALSE,FALSE,0,0,2147483647,FALSE,FALSE,1,AUTO,FALSE,0.9,0.001
2, DeepLearning_grid_1_AutoML_20190419_175717_model_22,5,FALSE,TRUE,FALSE,Modulo, deathRate,TRUE,FALSE,FALSE,5,20,0,FALSE,TRUE,TRUE,RectifierWithDropout,7.99581624,-2,0.05,27,TRUE,0.99,1.00E-08,0.005,1.00E-06,1,0,1000000,0,TRUE,0,0,0,UniformAdaptive,1,Automatic,AUTO,0.5,1.5,0.9,5,10000,0,0.1,0,1.00E-06,0,deviance,0.01811606,0,Uniform,TRUE,TRUE,TRUE,TRUE,TRUE,FALSE,FALSE,MeanImputation,FALSE,FALSE,FALSE,FALSE,0,0,2147483647,FALSE,FALSE,1,AUTO,FALSE,0.9,0.001
2, DeepLearning_grid_1_AutoML_20190419_175717_model_33,5,FALSE,TRUE,FALSE,Modulo, deathRate,TRUE,FALSE,FALSE,5,20,0,FALSE,TRUE,TRUE,RectifierWithDropout,323.204266,-2,0.05,27,TRUE,0.95,1.00E-07,0.005,1.00E-06,1,0,1000000,0,TRUE,0.05,0,0,UniformAdaptive,1,Automatic,AUTO,0.5,1.5,0.9,5,10000,0,0.1,0,1.00E-06,0,deviance,0.01811606,0,Uniform,TRUE,TRUE,TRUE,TRUE,TRUE,FALSE,FALSE,MeanImputation,FALSE,FALSE,FALSE,FALSE,0,0,2147483647,FALSE,FALSE,1,AUTO,FALSE,0.9,0.001
3, DeepLearning_1_AutoML_20190419_1757171,5,FALSE,TRUE,FALSE,Modulo, deathRate,TRUE,FALSE,FALSE,5,20,0,FALSE,TRUE,TRUE,Rectifier,10.3820188,-2,0.05,27,TRUE,0.99,1.00E-08,0.005,1.00E-06,1,0,1000000,0,TRUE,0,0,0,UniformAdaptive,1,Automatic,AUTO,0.5,1.5,0.9,5,10000,0,0.1,0,1.00E-06,0,deviance,0.01811606,0,Uniform,TRUE,TRUE,TRUE,TRUE,TRUE,FALSE,FALSE,MeanImputation,FALSE,FALSE,FALSE,FALSE,0,0,2147483647,FALSE,FALSE,1,AUTO,FALSE,0.9,0.001
3, DeepLearning_1_AutoML_20190419_1813401,5,FALSE,TRUE,FALSE,Modulo, deathRate,TRUE,FALSE,FALSE,5,20,0,FALSE,TRUE,TRUE,Rectifier,10.3820188,-2,0.05,27,TRUE,0.99,1.00E-08,0.005,1.00E-06,1,0,1000000,0,TRUE,0,0,0,UniformAdaptive,1,Automatic,AUTO,0.5,1.5,0.9,5,10000,0,0.1,0,1.00E-06,0,deviance,0.01811606,0,Uniform,TRUE,TRUE,TRUE,TRUE,TRUE,FALSE,FALSE,MeanImputation,FALSE,FALSE,FALSE,FALSE,0,0,2147483647,FALSE,FALSE,1,AUTO,FALSE,0.9,0.001
3, DeepLearning_1_AutoML_20190419_1859071,5,FALSE,TRUE,FALSE,Modulo, deathRate,TRUE,FALSE,FALSE,5,20,0,FALSE,TRUE,TRUE,Rectifier,10.3820188,-2,0.05,27,TRUE,0.99,1.00E-08,0.005,1.00E-06,1,0,1000000,0,TRUE,0,0,0,UniformAdaptive,1,Automatic,AUTO,0.5,1.5,0.9,5,10000,0,0.1,0,1.00E-06,0,deviance,0.01811606,0,Uniform,TRUE,TRUE,TRUE,TRUE,TRUE,FALSE,FALSE,MeanImputation,FALSE,FALSE,FALSE,FALSE,0,0,2147483647,FALSE,FALSE,1,AUTO,FALSE,0.9,0.001
3, DeepLearning_grid_1_AutoML_20190419_185907_model_1,5,FALSE,TRUE,FALSE,Modulo, deathRate,TRUE,FALSE,FALSE,5,20,0,FALSE,TRUE,TRUE,RectifierWithDropout,1656.21756,-2,0.05,27,TRUE,0.95,1.00E-07,0.005,1.00E-06,1,0,1000000,0,TRUE,0.05,0,0,UniformAdaptive,1,Automatic,AUTO,0.5,1.5,0.9,5,10000,0,0.1,0,1.00E-06,0,deviance,0.01811606,0,Uniform,TRUE,TRUE,TRUE,TRUE,TRUE,FALSE,FALSE,MeanImputation,FALSE,FALSE,FALSE,FALSE,0,0,2147483647,FALSE,FALSE,1,AUTO,FALSE,0.9,0.001
3, DeepLearning_grid_1_AutoML_20190419_185907_model_2,5,FALSE,TRUE,FALSE,Modulo, deathRate,TRUE,FALSE,FALSE,5,20,0,FALSE,TRUE,TRUE,RectifierWithDropout,1348.95595,-2,0.05,27,TRUE,0.95,1.00E-07,0.005,1.00E-06,1,0,1000000,0,TRUE,0.05,0,0,UniformAdaptive,1,Automatic,AUTO,0.5,1.5,0.9,5,10000,0,0.1,0,1.00E-06,0,deviance,0.01811606,0,Uniform,TRUE,TRUE,TRUE,TRUE,TRUE,FALSE,FALSE,MeanImputation,FALSE,FALSE,FALSE,FALSE,0,0,2147483647,FALSE,FALSE,1,AUTO,FALSE,0.9,0.001
3, DeepLearning_grid_1_AutoML_20190419_181340_model_1,5,FALSE,TRUE,FALSE,Modulo, deathRate,TRUE,FALSE,FALSE,5,20,0,FALSE,TRUE,TRUE,RectifierWithDropout,1249.78179,-2,0.05,27,TRUE,0.95,1.00E-07,0.005,1.00E-06,1,0,1000000,0,TRUE,0.05,0,0,UniformAdaptive,1,Automatic,AUTO,0.5,1.5,0.9,5,10000,0,0.1,0,1.00E-06,0,deviance,0.01811606,0,Uniform,TRUE,TRUE,TRUE,TRUE,TRUE,FALSE,FALSE,MeanImputation,FALSE,FALSE,FALSE,FALSE,0,0,2147483647,FALSE,FALSE,1,AUTO,FALSE,0.9,0.001
3, DeepLearning_grid_1_AutoML_20190419_181340_model_2,5,FALSE,TRUE,FALSE,Modulo, deathRate,TRUE,FALSE,FALSE,5,20,0,FALSE,TRUE,TRUE,RectifierWithDropout,1024.1251,-2,0.05,27,TRUE,0.95,1.00E-07,0.005,1.00E-06,1,0,1000000,0,TRUE,0.05,0,0,UniformAdaptive,1,Automatic,AUTO,0.5,1.5,0.9,5,10000,0,0.1,0,1.00E-06,0,deviance,0.01811606,0,Uniform,TRUE,TRUE,TRUE,TRUE,TRUE,FALSE,FALSE,MeanImputation,FALSE,FALSE,FALSE,FALSE,0,0,2147483647,FALSE,FALSE,1,AUTO,FALSE,0.9,0.001
3, DeepLearning_grid_1_AutoML_20190419_175717_model_11,5,FALSE,TRUE,FALSE,Modulo, deathRate,TRUE,FALSE,FALSE,5,20,0,FALSE,TRUE,TRUE,RectifierWithDropout,401.644955,-2,0.05,27,TRUE,0.95,1.00E-07,0.005,1.00E-06,1,0,1000000,0,TRUE,0.05,0,0,UniformAdaptive,1,Automatic,AUTO,0.5,1.5,0.9,5,10000,0,0.1,0,1.00E-06,0,deviance,0.01811606,0,Uniform,TRUE,TRUE,TRUE,TRUE,TRUE,FALSE,FALSE,MeanImputation,FALSE,FALSE,FALSE,FALSE,0,0,2147483647,FALSE,FALSE,1,AUTO,FALSE,0.9,0.001
3, DeepLearning_grid_1_AutoML_20190419_175717_model_22,5,FALSE,TRUE,FALSE,Modulo, deathRate,TRUE,FALSE,FALSE,5,20,0,FALSE,TRUE,TRUE,RectifierWithDropout,7.99581624,-2,0.05,27,TRUE,0.99,1.00E-08,0.005,1.00E-06,1,0,1000000,0,TRUE,0,0,0,UniformAdaptive,1,Automatic,AUTO,0.5,1.5,0.9,5,10000,0,0.1,0,1.00E-06,0,deviance,0.01811606,0,Uniform,TRUE,TRUE,TRUE,TRUE,TRUE,FALSE,FALSE,MeanImputation,FALSE,FALSE,FALSE,FALSE,0,0,2147483647,FALSE,FALSE,1,AUTO,FALSE,0.9,0.001
3, DeepLearning_grid_1_AutoML_20190419_175717_model_33,5,FALSE,TRUE,FALSE,Modulo, deathRate,TRUE,FALSE,FALSE,5,20,0,FALSE,TRUE,TRUE,RectifierWithDropout,323.204266,-2,0.05,27,TRUE,0.95,1.00E-07,0.005,1.00E-06,1,0,1000000,0,TRUE,0.05,0,0,UniformAdaptive,1,Automatic,AUTO,0.5,1.5,0.9,5,10000,0,0.1,0,1.00E-06,0,deviance,0.01811606,0,Uniform,TRUE,TRUE,TRUE,TRUE,TRUE,FALSE,FALSE,MeanImputation,FALSE,FALSE,FALSE,FALSE,0,0,2147483647,FALSE,FALSE,1,AUTO,FALSE,0.9,0.001
4, DeepLearning_grid_1_AutoML_20190419_191951_model_1,5,FALSE,TRUE,FALSE,Modulo, deathRate,TRUE,FALSE,FALSE,5,20,0,FALSE,TRUE,TRUE,RectifierWithDropout,1995.42715,-2,0.05,27,TRUE,0.95,1.00E-07,0.005,1.00E-06,1,0,1000000,0,TRUE,0.05,0,0,UniformAdaptive,1,Automatic,AUTO,0.5,1.5,0.9,5,10000,0,0.1,0,1.00E-06,0,deviance,0.01811606,0,Uniform,TRUE,TRUE,TRUE,TRUE,TRUE,FALSE,FALSE,MeanImputation,FALSE,FALSE,FALSE,FALSE,0,0,2147483647,FALSE,FALSE,1,AUTO,FALSE,0.9,0.001
4, DeepLearning_grid_1_AutoML_20190419_191951_model_2,5,FALSE,TRUE,FALSE,Modulo, deathRate,TRUE,FALSE,FALSE,5,20,0,FALSE,TRUE,TRUE,RectifierWithDropout,7.99581624,-2,0.05,27,TRUE,0.99,1.00E-08,0.005,1.00E-06,1,0,1000000,0,TRUE,0,0,0,UniformAdaptive,1,Automatic,AUTO,0.5,1.5,0.9,5,10000,0,0.1,0,1.00E-06,0,deviance,0.01811606,0,Uniform,TRUE,TRUE,TRUE,TRUE,TRUE,FALSE,FALSE,MeanImputation,FALSE,FALSE,FALSE,FALSE,0,0,2147483647,FALSE,FALSE,1,AUTO,FALSE,0.9,0.001
4, DeepLearning_grid_1_AutoML_20190419_191951_model_3,5,FALSE,TRUE,FALSE,Modulo, deathRate,TRUE,FALSE,FALSE,5,20,0,FALSE,TRUE,TRUE,RectifierWithDropout,1728.22264,-2,0.05,27,TRUE,0.95,1.00E-07,0.005,1.00E-06,1,0,1000000,0,TRUE,0.05,0,0,UniformAdaptive,1,Automatic,AUTO,0.5,1.5,0.9,5,10000,0,0.1,0,1.00E-06,0,deviance,0.01811606,0,Uniform,TRUE,TRUE,TRUE,TRUE,TRUE,FALSE,FALSE,MeanImputation,FALSE,FALSE,FALSE,FALSE,0,0,2147483647,FALSE,FALSE,1,AUTO,FALSE,0.9,0.001
4, DeepLearning_grid_1_AutoML_20190419_191951_model_4,5,FALSE,TRUE,FALSE,Modulo, deathRate,TRUE,FALSE,FALSE,5,20,0,FALSE,TRUE,TRUE,RectifierWithDropout,7.99581624,-2,0.05,27,TRUE,0.99,1.00E-08,0.005,1.00E-06,1,0,1000000,0,TRUE,0,0,0,UniformAdaptive,1,Automatic,AUTO,0.5,1.5,0.9,5,10000,0,0.1,0,1.00E-06,0,deviance,0.01811606,0,Uniform,TRUE,TRUE,TRUE,TRUE,TRUE,FALSE,FALSE,MeanImputation,FALSE,FALSE,FALSE,FALSE,0,0,2147483647,FALSE,FALSE,1,AUTO,FALSE,0.9,0.001
4, DeepLearning_grid_1_AutoML_20190419_191951_model_5,5,FALSE,TRUE,FALSE,Modulo, deathRate,TRUE,FALSE,FALSE,5,20,0,FALSE,TRUE,TRUE,RectifierWithDropout,1260.95267,-2,0.05,27,TRUE,0.95,1.00E-07,0.005,1.00E-06,1,0,1000000,0,TRUE,0.05,0,0,UniformAdaptive,1,Automatic,AUTO,0.5,1.5,0.9,5,10000,0,0.1,0,1.00E-06,0,deviance,0.01811606,0,Uniform,TRUE,TRUE,TRUE,TRUE,TRUE,FALSE,FALSE,MeanImputation,FALSE,FALSE,FALSE,FALSE,0,0,2147483647,FALSE,FALSE,1,AUTO,FALSE,0.9,0.001
4, DeepLearning_grid_1_AutoML_20190419_185907_model_1,5,FALSE,TRUE,FALSE,Modulo, deathRate,TRUE,FALSE,FALSE,5,20,0,FALSE,TRUE,TRUE,RectifierWithDropout,1656.21756,-2,0.05,27,TRUE,0.95,1.00E-07,0.005,1.00E-06,1,0,1000000,0,TRUE,0.05,0,0,UniformAdaptive,1,Automatic,AUTO,0.5,1.5,0.9,5,10000,0,0.1,0,1.00E-06,0,deviance,0.01811606,0,Uniform,TRUE,TRUE,TRUE,TRUE,TRUE,FALSE,FALSE,MeanImputation,FALSE,FALSE,FALSE,FALSE,0,0,2147483647,FALSE,FALSE,1,AUTO,FALSE,0.9,0.001
4, DeepLearning_grid_1_AutoML_20190419_185907_model_2,5,FALSE,TRUE,FALSE,Modulo, deathRate,TRUE,FALSE,FALSE,5,20,0,FALSE,TRUE,TRUE,RectifierWithDropout,1348.95595,-2,0.05,27,TRUE,0.95,1.00E-07,0.005,1.00E-06,1,0,1000000,0,TRUE,0.05,0,0,UniformAdaptive,1,Automatic,AUTO,0.5,1.5,0.9,5,10000,0,0.1,0,1.00E-06,0,deviance,0.01811606,0,Uniform,TRUE,TRUE,TRUE,TRUE,TRUE,FALSE,FALSE,MeanImputation,FALSE,FALSE,FALSE,FALSE,0,0,2147483647,FALSE,FALSE,1,AUTO,FALSE,0.9,0.001
4, DeepLearning_grid_1_AutoML_20190419_181340_model_1,5,FALSE,TRUE,FALSE,Modulo, deathRate,TRUE,FALSE,FALSE,5,20,0,FALSE,TRUE,TRUE,RectifierWithDropout,1249.78179,-2,0.05,27,TRUE,0.95,1.00E-07,0.005,1.00E-06,1,0,1000000,0,TRUE,0.05,0,0,UniformAdaptive,1,Automatic,AUTO,0.5,1.5,0.9,5,10000,0,0.1,0,1.00E-06,0,deviance,0.01811606,0,Uniform,TRUE,TRUE,TRUE,TRUE,TRUE,FALSE,FALSE,MeanImputation,FALSE,FALSE,FALSE,FALSE,0,0,2147483647,FALSE,FALSE,1,AUTO,FALSE,0.9,0.001
4, DeepLearning_grid_1_AutoML_20190419_181340_model_2,5,FALSE,TRUE,FALSE,Modulo, deathRate,TRUE,FALSE,FALSE,5,20,0,FALSE,TRUE,TRUE,RectifierWithDropout,1024.1251,-2,0.05,27,TRUE,0.95,1.00E-07,0.005,1.00E-06,1,0,1000000,0,TRUE,0.05,0,0,UniformAdaptive,1,Automatic,AUTO,0.5,1.5,0.9,5,10000,0,0.1,0,1.00E-06,0,deviance,0.01811606,0,Uniform,TRUE,TRUE,TRUE,TRUE,TRUE,FALSE,FALSE,MeanImputation,FALSE,FALSE,FALSE,FALSE,0,0,2147483647,FALSE,FALSE,1,AUTO,FALSE,0.9,0.001
4, DeepLearning_grid_1_AutoML_20190419_175717_model_11,5,FALSE,TRUE,FALSE,Modulo, deathRate,TRUE,FALSE,FALSE,5,20,0,FALSE,TRUE,TRUE,RectifierWithDropout,401.644955,-2,0.05,27,TRUE,0.95,1.00E-07,0.005,1.00E-06,1,0,1000000,0,TRUE,0.05,0,0,UniformAdaptive,1,Automatic,AUTO,0.5,1.5,0.9,5,10000,0,0.1,0,1.00E-06,0,deviance,0.01811606,0,Uniform,TRUE,TRUE,TRUE,TRUE,TRUE,FALSE,FALSE,MeanImputation,FALSE,FALSE,FALSE,FALSE,0,0,2147483647,FALSE,FALSE,1,AUTO,FALSE,0.9,0.001
4, DeepLearning_grid_1_AutoML_20190419_175717_model_22,5,FALSE,TRUE,FALSE,Modulo, deathRate,TRUE,FALSE,FALSE,5,20,0,FALSE,TRUE,TRUE,RectifierWithDropout,7.99581624,-2,0.05,27,TRUE,0.99,1.00E-08,0.005,1.00E-06,1,0,1000000,0,TRUE,0,0,0,UniformAdaptive,1,Automatic,AUTO,0.5,1.5,0.9,5,10000,0,0.1,0,1.00E-06,0,deviance,0.01811606,0,Uniform,TRUE,TRUE,TRUE,TRUE,TRUE,FALSE,FALSE,MeanImputation,FALSE,FALSE,FALSE,FALSE,0,0,2147483647,FALSE,FALSE,1,AUTO,FALSE,0.9,0.001
4, DeepLearning_grid_1_AutoML_20190419_175717_model_33,5,FALSE,TRUE,FALSE,Modulo, deathRate,TRUE,FALSE,FALSE,5,20,0,FALSE,TRUE,TRUE,RectifierWithDropout,323.204266,-2,0.05,27,TRUE,0.95,1.00E-07,0.005,1.00E-06,1,0,1000000,0,TRUE,0.05,0,0,UniformAdaptive,1,Automatic,AUTO,0.5,1.5,0.9,5,10000,0,0.1,0,1.00E-06,0,deviance,0.01811606,0,Uniform,TRUE,TRUE,TRUE,TRUE,TRUE,FALSE,FALSE,MeanImputation,FALSE,FALSE,FALSE,FALSE,0,0,2147483647,FALSE,FALSE,1,AUTO,FALSE,0.9,0.001
4, DeepLearning_1_AutoML_20190419_1919511_AutoML,5,FALSE,TRUE,FALSE,Modulo, deathRate,TRUE,FALSE,FALSE,5,20,0,FALSE,TRUE,TRUE,Rectifier,10.3820188,-2,0.05,27,TRUE,0.99,1.00E-08,0.005,1.00E-06,1,0,1000000,0,TRUE,0,0,0,UniformAdaptive,1,Automatic,AUTO,0.5,1.5,0.9,5,10000,0,0.1,0,1.00E-06,0,deviance,0.01811606,0,Uniform,TRUE,TRUE,TRUE,TRUE,TRUE,FALSE,FALSE,MeanImputation,FALSE,FALSE,FALSE,FALSE,0,0,2147483647,FALSE,FALSE,1,AUTO,FALSE,0.9,0.001
4, DeepLearning_1_AutoML_20190419_1859071_AutoML,5,FALSE,TRUE,FALSE,Modulo, deathRate,TRUE,FALSE,FALSE,5,20,0,FALSE,TRUE,TRUE,Rectifier,10.3820188,-2,0.05,27,TRUE,0.99,1.00E-08,0.005,1.00E-06,1,0,1000000,0,TRUE,0,0,0,UniformAdaptive,1,Automatic,AUTO,0.5,1.5,0.9,5,10000,0,0.1,0,1.00E-06,0,deviance,0.01811606,0,Uniform,TRUE,TRUE,TRUE,TRUE,TRUE,FALSE,FALSE,MeanImputation,FALSE,FALSE,FALSE,FALSE,0,0,2147483647,FALSE,FALSE,1,AUTO,FALSE,0.9,0.001
4, DeepLearning_1_AutoML_20190419_1813401_AutoML,5,FALSE,TRUE,FALSE,Modulo, deathRate,TRUE,FALSE,FALSE,5,20,0,FALSE,TRUE,TRUE,Rectifier,10.3820188,-2,0.05,27,TRUE,0.99,1.00E-08,0.005,1.00E-06,1,0,1000000,0,TRUE,0,0,0,UniformAdaptive,1,Automatic,AUTO,0.5,1.5,0.9,5,10000,0,0.1,0,1.00E-06,0,deviance,0.01811606,0,Uniform,TRUE,TRUE,TRUE,TRUE,TRUE,FALSE,FALSE,MeanImputation,FALSE,FALSE,FALSE,FALSE,0,0,2147483647,FALSE,FALSE,1,AUTO,FALSE,0.9,0.001
4, DeepLearning_1_AutoML_20190419_1757171_AutoML,5,FALSE,TRUE,FALSE,Modulo, deathRate,TRUE,FALSE,FALSE,5,20,0,FALSE,TRUE,TRUE,Rectifier,10.3820188,-2,0.05,27,TRUE,0.99,1.00E-08,0.005,1.00E-06,1,0,1000000,0,TRUE,0,0,0,UniformAdaptive,1,Automatic,AUTO,0.5,1.5,0.9,5,10000,0,0.1,0,1.00E-06,0,deviance,0.01811606,0,Uniform,TRUE,TRUE,TRUE,TRUE,TRUE,FALSE,FALSE,MeanImputation,FALSE,FALSE,FALSE,FALSE,0,0,2147483647,FALSE,FALSE,1,AUTO,FALSE,0.9,0.001
5,  DeepLearning_1_AutoML_20190419_181340,5,FALSE,TRUE,FALSE,Modulo, deathRate,TRUE,FALSE,FALSE,5,20,0,FALSE,TRUE,TRUE,Rectifier,10.3820188,-2,0.05,27,TRUE,0.99,1.00E-08,0.005,1.00E-06,1,0,1000000,0,TRUE,0,0,0,UniformAdaptive,1,Automatic,AUTO,0.5,1.5,0.9,5,10000,0,0.1,5,1.00E-06,0,deviance,0.01811606,0,Uniform,TRUE,TRUE,TRUE,TRUE,TRUE,FALSE,FALSE,MeanImputation,FALSE,FALSE,FALSE,FALSE,0,0,2147483647,FALSE,FALSE,1,AUTO,FALSE,0.9,0.001
5,  DeepLearning_1_AutoML_20190419_185907,5,FALSE,TRUE,FALSE,Modulo, deathRate,TRUE,FALSE,FALSE,5,20,0,FALSE,TRUE,TRUE,Rectifier,10.3820188,-2,0.05,27,TRUE,0.99,1.00E-08,0.005,1.00E-06,1,0,1000000,0,TRUE,0,0,0,UniformAdaptive,1,Automatic,AUTO,0.5,1.5,0.9,5,10000,0,0.1,5,1.00E-06,0,deviance,0.01811606,0,Uniform,TRUE,TRUE,TRUE,TRUE,TRUE,FALSE,FALSE,MeanImputation,FALSE,FALSE,FALSE,FALSE,0,0,2147483647,FALSE,FALSE,1,AUTO,FALSE,0.9,0.001
5,  DeepLearning_1_AutoML_20190419_195145,5,FALSE,TRUE,FALSE,Modulo, deathRate,TRUE,FALSE,FALSE,5,20,0,FALSE,TRUE,TRUE,Rectifier,10.3820188,-2,0.05,27,TRUE,0.99,1.00E-08,0.005,1.00E-06,1,0,1000000,0,TRUE,0,0,0,UniformAdaptive,1,Automatic,AUTO,0.5,1.5,0.9,5,10000,0,0.1,5,1.00E-06,0,deviance,0.01811606,0,Uniform,TRUE,TRUE,TRUE,TRUE,TRUE,FALSE,FALSE,MeanImputation,FALSE,FALSE,FALSE,FALSE,0,0,2147483647,FALSE,FALSE,1,AUTO,FALSE,0.9,0.001
5,  DeepLearning_grid_1_AutoML_20190419_175717_model_1,5,FALSE,TRUE,FALSE,Modulo, deathRate,TRUE,FALSE,FALSE,5,20,0,FALSE,TRUE,TRUE,RectifierWithDropout,10.3820188,-2,0.05,27,TRUE,0.95,1.00E-07,0.005,1.00E-06,1,0,1000000,0,TRUE,0.05,0,0,UniformAdaptive,1,Automatic,AUTO,0.5,1.5,0.9,5,10000,0,0.1,5,1.00E-06,0,deviance,0.01811606,0,Uniform,TRUE,TRUE,TRUE,TRUE,TRUE,FALSE,FALSE,MeanImputation,FALSE,FALSE,FALSE,FALSE,0,0,2147483647,FALSE,FALSE,1,AUTO,FALSE,0.9,0.001
5,  DeepLearning_grid_1_AutoML_20190419_181340_model_1,5,FALSE,TRUE,FALSE,Modulo, deathRate,TRUE,FALSE,FALSE,5,20,0,FALSE,TRUE,TRUE,RectifierWithDropout,10.3820188,-2,0.05,27,TRUE,0.95,1.00E-07,0.005,1.00E-06,1,0,1000000,0,TRUE,0.05,0,0,UniformAdaptive,1,Automatic,AUTO,0.5,1.5,0.9,5,10000,0,0.1,5,1.00E-06,0,deviance,0.01811606,0,Uniform,TRUE,TRUE,TRUE,TRUE,TRUE,FALSE,FALSE,MeanImputation,FALSE,FALSE,FALSE,FALSE,0,0,2147483647,FALSE,FALSE,1,AUTO,FALSE,0.9,0.001
5,  DeepLearning_grid_1_AutoML_20190419_185907_model_1,5,FALSE,TRUE,FALSE,Modulo, deathRate,TRUE,FALSE,FALSE,5,20,0,FALSE,TRUE,TRUE,RectifierWithDropout,10.3820188,-2,0.05,27,TRUE,0.95,1.00E-07,0.005,1.00E-06,1,0,1000000,0,TRUE,0.05,0,0,UniformAdaptive,1,Automatic,AUTO,0.5,1.5,0.9,5,10000,0,0.1,5,1.00E-06,0,deviance,0.01811606,0,Uniform,TRUE,TRUE,TRUE,TRUE,TRUE,FALSE,FALSE,MeanImputation,FALSE,FALSE,FALSE,FALSE,0,0,2147483647,FALSE,FALSE,1,AUTO,FALSE,0.9,0.001
5,  DeepLearning_grid_1_AutoML_20190419_191951_model_1,5,FALSE,TRUE,FALSE,Modulo, deathRate,TRUE,FALSE,FALSE,5,20,0,FALSE,TRUE,TRUE,RectifierWithDropout,10.3820188,-2,0.05,27,TRUE,0.95,1.00E-07,0.005,1.00E-06,1,0,1000000,0,TRUE,0.05,0,0,UniformAdaptive,1,Automatic,AUTO,0.5,1.5,0.9,5,10000,0,0.1,5,1.00E-06,0,deviance,0.01811606,0,Uniform,TRUE,TRUE,TRUE,TRUE,TRUE,FALSE,FALSE,MeanImputation,FALSE,FALSE,FALSE,FALSE,0,0,2147483647,FALSE,FALSE,1,AUTO,FALSE,0.9,0.001
5,  DeepLearning_grid_1_AutoML_20190419_191951_model_2,5,FALSE,TRUE,FALSE,Modulo, deathRate,TRUE,FALSE,FALSE,5,20,0,FALSE,TRUE,TRUE,RectifierWithDropout,10.3820188,-2,0.05,27,TRUE,0.99,1.00E-08,0.005,1.00E-06,1,0,1000000,0,TRUE,0,0,0,UniformAdaptive,1,Automatic,AUTO,0.5,1.5,0.9,5,10000,0,0.1,5,1.00E-06,0,deviance,0.01811606,0,Uniform,TRUE,TRUE,TRUE,TRUE,TRUE,FALSE,FALSE,MeanImputation,FALSE,FALSE,FALSE,FALSE,0,0,2147483647,FALSE,FALSE,1,AUTO,FALSE,0.9,0.001
5,  DeepLearning_grid_1_AutoML_20190419_191951_model_3,5,FALSE,TRUE,FALSE,Modulo, deathRate,TRUE,FALSE,FALSE,5,20,0,FALSE,TRUE,TRUE,RectifierWithDropout,10.3820188,-2,0.05,27,TRUE,0.95,1.00E-07,0.005,1.00E-06,1,0,1000000,0,TRUE,0.05,0,0,UniformAdaptive,1,Automatic,AUTO,0.5,1.5,0.9,5,10000,0,0.1,5,1.00E-06,0,deviance,0.01811606,0,Uniform,TRUE,TRUE,TRUE,TRUE,TRUE,FALSE,FALSE,MeanImputation,FALSE,FALSE,FALSE,FALSE,0,0,2147483647,FALSE,FALSE,1,AUTO,FALSE,0.9,0.001
5,  DeepLearning_grid_1_AutoML_20190419_191951_model_4,5,FALSE,TRUE,FALSE,Modulo, deathRate,TRUE,FALSE,FALSE,5,20,0,FALSE,TRUE,TRUE,RectifierWithDropout,10.3820188,-2,0.05,27,TRUE,0.99,1.00E-08,0.005,1.00E-06,1,0,1000000,0,TRUE,0,0,0,UniformAdaptive,1,Automatic,AUTO,0.5,1.5,0.9,5,10000,0,0.1,5,1.00E-06,0,deviance,0.01811606,0,Uniform,TRUE,TRUE,TRUE,TRUE,TRUE,FALSE,FALSE,MeanImputation,FALSE,FALSE,FALSE,FALSE,0,0,2147483647,FALSE,FALSE,1,AUTO,FALSE,0.9,0.001
5,  DeepLearning_grid_1_AutoML_20190419_191951_model_5,5,FALSE,TRUE,FALSE,Modulo, deathRate,TRUE,FALSE,FALSE,5,20,0,FALSE,TRUE,TRUE,RectifierWithDropout,10.3820188,-2,0.05,27,TRUE,0.95,1.00E-07,0.005,1.00E-06,1,0,1000000,0,TRUE,0.05,0,0,UniformAdaptive,1,Automatic,AUTO,0.5,1.5,0.9,5,10000,0,0.1,5,1.00E-06,0,deviance,0.01811606,0,Uniform,TRUE,TRUE,TRUE,TRUE,TRUE,FALSE,FALSE,MeanImputation,FALSE,FALSE,FALSE,FALSE,0,0,2147483647,FALSE,FALSE,1,AUTO,FALSE,0.9,0.001
5,  DeepLearning_grid_1_AutoML_20190419_195145_model_1,5,FALSE,TRUE,FALSE,Modulo, deathRate,TRUE,FALSE,FALSE,5,20,0,FALSE,TRUE,TRUE,RectifierWithDropout,10.3820188,-2,0.05,27,TRUE,0.95,1.00E-07,0.005,1.00E-06,1,0,1000000,0,TRUE,0.05,0,0,UniformAdaptive,1,Automatic,AUTO,0.5,1.5,0.9,5,10000,0,0.1,5,1.00E-06,0,deviance,0.01811606,0,Uniform,TRUE,TRUE,TRUE,TRUE,TRUE,FALSE,FALSE,MeanImputation,FALSE,FALSE,FALSE,FALSE,0,0,2147483647,FALSE,FALSE,1,AUTO,FALSE,0.9,0.001
5,  DeepLearning_grid_1_AutoML_20190419_195145_model_2,5,FALSE,TRUE,FALSE,Modulo, deathRate,TRUE,FALSE,FALSE,5,20,0,FALSE,TRUE,TRUE,RectifierWithDropout,10.3820188,-2,0.05,27,TRUE,0.99,1.00E-08,0.005,1.00E-06,1,0,1000000,0,TRUE,0,0,0,UniformAdaptive,1,Automatic,AUTO,0.5,1.5,0.9,5,10000,0,0.1,5,1.00E-06,0,deviance,0.01811606,0,Uniform,TRUE,TRUE,TRUE,TRUE,TRUE,FALSE,FALSE,MeanImputation,FALSE,FALSE,FALSE,FALSE,0,0,2147483647,FALSE,FALSE,1,AUTO,FALSE,0.9,0.001
5,  DeepLearning_grid_1_AutoML_20190419_195145_model_3,5,FALSE,TRUE,FALSE,Modulo, deathRate,TRUE,FALSE,FALSE,5,20,0,FALSE,TRUE,TRUE,RectifierWithDropout,10.3820188,-2,0.05,27,TRUE,0.95,1.00E-07,0.005,1.00E-06,1,0,1000000,0,TRUE,0.05,0,0,UniformAdaptive,1,Automatic,AUTO,0.5,1.5,0.9,5,10000,0,0.1,5,1.00E-06,0,deviance,0.01811606,0,Uniform,TRUE,TRUE,TRUE,TRUE,TRUE,FALSE,FALSE,MeanImputation,FALSE,FALSE,FALSE,FALSE,0,0,2147483647,FALSE,FALSE,1,AUTO,FALSE,0.9,0.001
5,  DeepLearning_grid_1_AutoML_20190419_195145_model_4,5,FALSE,TRUE,FALSE,Modulo, deathRate,TRUE,FALSE,FALSE,5,20,0,FALSE,TRUE,TRUE,RectifierWithDropout,10.3820188,-2,0.05,27,TRUE,0.99,1.00E-08,0.005,1.00E-06,1,0,1000000,0,TRUE,0,0,0,UniformAdaptive,1,Automatic,AUTO,0.5,1.5,0.9,5,10000,0,0.1,5,1.00E-06,0,deviance,0.01811606,0,Uniform,TRUE,TRUE,TRUE,TRUE,TRUE,FALSE,FALSE,MeanImputation,FALSE,FALSE,FALSE,FALSE,0,0,2147483647,FALSE,FALSE,1,AUTO,FALSE,0.9,0.001
5,  DeepLearning_grid_1_AutoML_20190419_195145_model_5,5,FALSE,TRUE,FALSE,Modulo, deathRate,TRUE,FALSE,FALSE,5,20,0,FALSE,TRUE,TRUE,RectifierWithDropout,10.3820188,-2,0.05,27,TRUE,0.95,1.00E-07,0.005,1.00E-06,1,0,1000000,0,TRUE,0.05,0,0,UniformAdaptive,1,Automatic,AUTO,0.5,1.5,0.9,5,10000,0,0.1,5,1.00E-06,0,deviance,0.01811606,0,Uniform,TRUE,TRUE,TRUE,TRUE,TRUE,FALSE,FALSE,MeanImputation,FALSE,FALSE,FALSE,FALSE,0,0,2147483647,FALSE,FALSE,1,AUTO,FALSE,0.9,0.001