﻿Run_id,model_id,keep_cross_validation_fold_assignment,score_each_iteration,score_tree_interval,fold_assignment,ignore_const_cols,balance_classes,max_after_balance_size,max_confusion_matrix_size,max_hit_ratio_k,ntrees,max_depth,min_rows,nbins,nbins_top_level,nbins_cats,r2_stopping,stopping_metric,stopping_tolerance,seed,build_tree_one_node,mtries,sample_rate,binomial_double_trees,min_split_improvement,histogram_type,categorical_encoding,calibrate_model,distribution
1,  XRT_1_AutoML_20190419_175717,FALSE,FALSE,0,Modulo,TRUE,FALSE,5,20,0,15,20,1,20,1024,1024,1.7976931348623151e+308,deviance,0.018116061,27,FALSE,-1,0.632000029,FALSE,1.00E-05,Random,AUTO,FALSE,gaussian
1,  DRF_1_AutoML_20190419_175717,FALSE,FALSE,0,Modulo,TRUE,FALSE,5,20,0,15,20,1,20,1024,1024,1.7976931348623151e+308,AUTO,0.018116061,27,FALSE,-1,0.632000029,FALSE,1.00E-05,AUTO,AUTO,FALSE,gaussian
2,  XRT_1_AutoML_20190419_181340,FALSE,FALSE,0,Modulo,TRUE,FALSE,5,20,0,15,20,1,20,1024,1024,1.7976931348623151e+308,deviance,0.018116061,27,FALSE,-1,0.632000029,FALSE,1.00E-05,Random,AUTO,FALSE,gaussian
2,  XRT_1_AutoML_20190419_175717,FALSE,FALSE,0,Modulo,TRUE,FALSE,5,20,0,15,20,1,20,1024,1024,1.7976931348623151e+308,deviance,0.018116061,27,FALSE,-1,0.632000029,FALSE,1.00E-05,Random,AUTO,FALSE,gaussian
2,  DRF_1_AutoML_20190419_181340,FALSE,FALSE,0,Modulo,TRUE,FALSE,5,20,0,15,20,1,20,1024,1024,1.7976931348623151e+308,deviance,0.018116061,27,FALSE,-1,0.632000029,FALSE,1.00E-05,AUTO,AUTO,FALSE,gaussian
2,  DRF_1_AutoML_20190419_175717,FALSE,FALSE,0,Modulo,TRUE,FALSE,5,20,0,15,20,1,20,1024,1024,1.7976931348623151e+308,AUTO,0.018116061,27,FALSE,-1,0.632000029,FALSE,1.00E-05,AUTO,AUTO,FALSE,gaussian
4,  XRT_1_AutoML_20190419_191951,FALSE,FALSE,0,Modulo,TRUE,FALSE,5,20,0,15,20,1,20,1024,1024,1.7976931348623151e+308,deviance,0.018116061,27,FALSE,-1,0.632000029,FALSE,1.00E-05,Random,AUTO,FALSE,gaussian
4,  XRT_1_AutoML_20190419_185907,FALSE,FALSE,0,Modulo,TRUE,FALSE,5,20,0,15,20,1,20,1024,1024,1.7976931348623151e+308,deviance,0.018116061,27,FALSE,-1,0.632000029,FALSE,1.00E-05,Random,AUTO,FALSE,gaussian
4,  XRT_1_AutoML_20190419_181340,FALSE,FALSE,0,Modulo,TRUE,FALSE,5,20,0,15,20,1,20,1024,1024,1.7976931348623151e+308,deviance,0.018116061,27,FALSE,-1,0.632000029,FALSE,1.00E-05,Random,AUTO,FALSE,gaussian
4,  XRT_1_AutoML_20190419_175717,FALSE,FALSE,0,Modulo,TRUE,FALSE,5,20,0,15,20,1,20,1024,1024,1.7976931348623151e+308,deviance,0.018116061,27,FALSE,-1,0.632000029,FALSE,1.00E-05,Random,AUTO,FALSE,gaussian
4,  DRF_1_AutoML_20190419_191951,FALSE,FALSE,0,Modulo,TRUE,FALSE,5,20,0,15,20,1,20,1024,1024,1.7976931348623151e+308,deviance,0.018116061,27,FALSE,-1,0.632000029,FALSE,1.00E-05,AUTO,AUTO,FALSE,gaussian
4,  DRF_1_AutoML_20190419_185907,FALSE,FALSE,0,Modulo,TRUE,FALSE,5,20,0,15,20,1,20,1024,1024,1.7976931348623151e+308,deviance,0.018116061,27,FALSE,-1,0.632000029,FALSE,1.00E-05,AUTO,AUTO,FALSE,gaussian
4,  DRF_1_AutoML_20190419_181340,FALSE,FALSE,0,Modulo,TRUE,FALSE,5,20,0,15,20,1,20,1024,1024,1.7976931348623151e+308,deviance,0.018116061,27,FALSE,-1,0.632000029,FALSE,1.00E-05,AUTO,AUTO,FALSE,gaussian
4,  DRF_1_AutoML_20190419_175717,FALSE,FALSE,0,Modulo,TRUE,FALSE,5,20,0,15,20,1,20,1024,1024,1.7976931348623151e+308,AUTO,0.018116061,27,FALSE,-1,0.632000029,FALSE,1.00E-05,AUTO,AUTO,FALSE,gaussian
5,  XRT_1_AutoML_20190419_191951,FALSE,FALSE,0,Modulo,TRUE,FALSE,5,20,0,15,20,1,20,1024,1024,1.7976931348623151e+308,deviance,0.018116061,27,FALSE,-1,0.632000029,FALSE,1.00E-05,Random,AUTO,FALSE,gaussian
5,  XRT_1_AutoML_20190419_185907,FALSE,FALSE,0,Modulo,TRUE,FALSE,5,20,0,15,20,1,20,1024,1024,1.7976931348623151e+308,deviance,0.018116061,27,FALSE,-1,0.632000029,FALSE,1.00E-05,Random,AUTO,FALSE,gaussian
5,  XRT_1_AutoML_20190419_181340,FALSE,FALSE,0,Modulo,TRUE,FALSE,5,20,0,15,20,1,20,1024,1024,1.7976931348623151e+308,deviance,0.018116061,27,FALSE,-1,0.632000029,FALSE,1.00E-05,Random,AUTO,FALSE,gaussian
5,  XRT_1_AutoML_20190419_175717,FALSE,FALSE,0,Modulo,TRUE,FALSE,5,20,0,15,20,1,20,1024,1024,1.7976931348623151e+308,deviance,0.018116061,27,FALSE,-1,0.632000029,FALSE,1.00E-05,Random,AUTO,FALSE,gaussian
5,  DRF_1_AutoML_20190419_195145,FALSE,FALSE,0,Modulo,TRUE,FALSE,5,20,0,15,20,1,20,1024,1024,1.7976931348623151e+308,deviance,0.018116061,27,FALSE,-1,0.632000029,FALSE,1.00E-05,AUTO,AUTO,FALSE,gaussian
5,  DRF_1_AutoML_20190419_191951,FALSE,FALSE,0,Modulo,TRUE,FALSE,5,20,0,15,20,1,20,1024,1024,1.7976931348623151e+308,deviance,0.018116061,27,FALSE,-1,0.632000029,FALSE,1.00E-05,AUTO,AUTO,FALSE,gaussian
5,  DRF_1_AutoML_20190419_185907,FALSE,FALSE,0,Modulo,TRUE,FALSE,5,20,0,15,20,1,20,1024,1024,1.7976931348623151e+308,deviance,0.018116061,27,FALSE,-1,0.632000029,FALSE,1.00E-05,AUTO,AUTO,FALSE,gaussian
5,  DRF_1_AutoML_20190419_175717,FALSE,FALSE,0,Modulo,TRUE,FALSE,5,20,0,15,20,1,20,1024,1024,1.7976931348623151e+308,AUTO,0.018116061,27,FALSE,-1,0.632000029,FALSE,1.00E-05,AUTO,AUTO,FALSE,gaussian
3,  XRT_1_AutoML_20190419_185907,FALSE,FALSE,0,Modulo,TRUE,FALSE,5,20,0,15,20,1,20,1024,1024,1.7976931348623151e+308,deviance,0.018116061,27,FALSE,-1,0.632000029,FALSE,1.00E-05,Random,AUTO,FALSE,gaussian
3,  XRT_1_AutoML_20190419_181340,FALSE,FALSE,0,Modulo,TRUE,FALSE,5,20,0,15,20,1,20,1024,1024,1.7976931348623151e+308,deviance,0.018116061,27,FALSE,-1,0.632000029,FALSE,1.00E-05,Random,AUTO,FALSE,gaussian
3,  XRT_1_AutoML_20190419_175717,FALSE,FALSE,0,Modulo,TRUE,FALSE,5,20,0,15,20,1,20,1024,1024,1.7976931348623151e+308,deviance,0.018116061,27,FALSE,-1,0.632000029,FALSE,1.00E-05,Random,AUTO,FALSE,gaussian
3,  DRF_1_AutoML_20190419_185907,FALSE,FALSE,0,Modulo,TRUE,FALSE,5,20,0,15,20,1,20,1024,1024,1.7976931348623151e+308,deviance,0.018116061,27,FALSE,-1,0.632000029,FALSE,1.00E-05,AUTO,AUTO,FALSE,gaussian
3,  DRF_1_AutoML_20190419_181340,FALSE,FALSE,0,Modulo,TRUE,FALSE,5,20,0,15,20,1,20,1024,1024,1.7976931348623151e+308,deviance,0.018116061,27,FALSE,-1,0.632000029,FALSE,1.00E-05,AUTO,AUTO,FALSE,gaussian
