Algorithm_id,Run_id,Leaderboard_rank,nfolds,seed,tweedie_variance_power,tweedie_link_power,missing_values_handling,standardize
40001,1,22,5,27,0,1,MeanImputation,TRUE
40002,2,53,5,27,0,1,MeanImputation,TRUE
40003,2,54,5,27,0,1,MeanImputation,TRUE
40004,3,87,5,27,0,1,MeanImputation,TRUE
40005,3,88,5,27,0,1,MeanImputation,TRUE
40006,3,89,5,27,0,1,MeanImputation,TRUE
40007,4,131,5,27,0,1,MeanImputation,TRUE
40008,4,132,5,27,0,1,MeanImputation,TRUE
40009,4,133,5,27,0,1,MeanImputation,TRUE
40010,4,134,5,27,0,1,MeanImputation,TRUE
40011,5,179,5,27,0,1,MeanImputation,TRUE
40012,5,180,5,27,0,1,MeanImputation,TRUE
40013,5,181,5,27,0,1,MeanImputation,TRUE
40014,5,182,5,27,0,1,MeanImputation,TRUE
40015,5,183,5,27,0,1,MeanImputation,TRUE
