start_time,target,test_path,max_models,run_time,Run_id,scale,classification,model_path,balance,balance_threshold,project,end_time,execution_time,nthreads,min_mem_size,analysis,Main_Eval_metrix,model_execution_time,mod_best,mod_best_algo
1555711037,TARGET_deathRate,null,null,333,1,FALSE,FALSE,null,FALSE,0.2,null,1555711037,0,1,5,2,RMSE,282.183964,StackedEnsemble_AllModels_AutoML_20190419_175717,stackedensemble
1555711964,TARGET_deathRate,NA,NA,777,2,FALSE,TRUE,NA,FALSE,0.2,NA,1555711964,0,1,5,2,RMSE,2199.539111,GBM_grid_1_AutoML_20190419_181340_model_48,gbm
1555715983,TARGET_deathRate,null,null,1333,4,FALSE,TRUE,null,FALSE,0.2,null,1555715983,0,1,5,2,RMSE,1162.800776,GBM_grid_1_AutoML_20190419_191951_model_48,gbm
1555714740,TARGET_deathRate,null,null,999,3,FALSE,TRUE,null,FALSE,0.2,null,1555714740,0,1,5,2,RMSE,965.3840847,GBM_grid_1_AutoML_20190419_181340_model_48,gbm
1555717649,TARGET_deathRate,null,null,1555,5,FALSE,TRUE,null,FALSE,0.2,null,1555717649,0,1,5,2,RMSE,1460.965154,GBM_grid_1_AutoML_20190419_191951_model_48,gbm